[{
  "type":["超级管理员","开发","运营","高管","渠道"],
  "menuName": "经营报告",
  "leftIcon": "RemoveRedEye",
  "value":"/mammoth/reports/经营报告/总览",
  "subMenu":[{
    "type":["超级管理员","开发","运营","高管","渠道"],
    "menuName":"销售数据概览",
    "value":"/mammoth/reports/经营报告/销售数据概览"
  },{
    "type":["超级管理员","开发","运营","高管","渠道"],
    "menuName":"用户数据概览",
    "value":"/mammoth/reports/经营报告/用户数据概览"
  },{
    "type":["超级管理员","开发","运营","高管","渠道"],
    "menuName":"商户数据概览",
    "value":"/mammoth/reports/经营报告/商户数据概览"
  },{
    "type":["超级管理员","开发","运营","高管","渠道"],
    "menuName":"商品数据概览",
    "value":"/mammoth/reports/经营报告/商品数据概览"
  },{
    "type":["超级管理员","开发","运营","高管","渠道"],
    "menuName":"页面访问概览",
    "value":"/mammoth/reports/经营报告/页面访问概览"
  }]
},
  {
  "type":["超级管理员","开发","运营","高管","渠道"],
  "menuName": "信用评估",
  "leftIcon": "ContentCopy",
  "value":"",
  "subMenu":[{
    "type":["超级管理员","开发","运营","高管","渠道"],
    "menuName":"用户信用评估",
    "value":"/mammoth/userpages"
  },{
    "type":["超级管理员","开发","运营","高管","渠道"],
    "menuName":"商户信用评估",
    "value":"/mammoth/shopsPages"
  },{
    "type":["超级管理员","开发","运营","高管","渠道"],
    "menuName":"商户贷款评估",
    "value":"/mammoth/shopLoanPages"
  }]
},
  {
  "type":["超级管理员","开发","运营","高管","渠道"],
  "menuName": "用户行为分析",
  "leftIcon": "ContentCopy",
  "value":"",
  "subMenu":[{
    "type":["超级管理员","开发","运营","高管","渠道"],
    "menuName":"行为事件分析",
    "value":"/mammoth/behavior/event"
  },{
    "type":["超级管理员","开发","运营","高管","渠道"],
    "menuName":"漏斗分析",
    "value":"/mammoth/behavior"
  },
    {
    "type":["超级管理员","开发","运营","高管","渠道"],
    "menuName":"留存分析",
    "value":"/mammoth/behavior/retent"
  },
    {
      "type":["超级管理员","开发","运营","高管","渠道"],
      "menuName":"关键路径分析",
      "value":"/mammoth/behavior/critical"
    }
  ]
},
  {
  "type":["超级管理员","开发","运营","高管","渠道","商户"],
  "menuName": "商户分析",
  "leftIcon": "ContentCopy",
  "value":"/mammoth/reports/商户分析/default",
  "subMenu":[]
},
  {
  "type":["超级管理员","开发","运营","高管","渠道"],
  "menuName": "用户分析",
  "leftIcon": "ActionRecordVoice",
  "value":"/mammoth/reports/用户分析/default",
  "subMenu":[]
},
  {
    "type":["超级管理员","开发","运营","高管","渠道"],
    "menuName": "风控管理",
    "leftIcon": "ContentCopy",
    "value":"",
    "subMenu":[{
      "type":["超级管理员","开发","运营","高管","渠道"],
      "menuName":"实时风险监控",
      "value":""
    },{
      "type":["超级管理员","开发","运营","高管","渠道"],
      "menuName":"渠道监控",
      "value":""
    },{
      "type":["超级管理员","开发","运营","高管","渠道"],
      "menuName":"黑名单",
      "value":"/mammoth/risk/blacklist"
    }]
  },
  {
  "type":["超级管理员","开发","运营","高管","渠道"],
  "menuName": "渠道分析",
  "leftIcon": "ActionReceipt",
  "value":"",
  "subMenu":[]
},
  {
  "type":["超级管理员","开发","运营","高管","渠道"],
  "menuName": "营销分析",
  "leftIcon": "ContentCopy",
  "value":"",
  "subMenu":[{
    "type":["超级管理员","开发","运营","高管","渠道"],
    "menuName":"市场营销活动",
    "value":""
  },{
    "type":["超级管理员","开发","运营","高管","渠道"],
    "menuName":"广告投放",
    "value":""
  }]
},
  {
  "type":["超级管理员","开发","运营","高管","渠道"],
  "menuName": "流量分析",
  "leftIcon": "ActionRecordVoice",
  "value":"",
  "subMenu":[]
},

  {
  "type":["超级管理员","开发","运营","高管","渠道"],
  "menuName": "参数配置",
  "leftIcon": "DataMng",
  "value":"",
  "subMenu":[{
    "type":["超级管理员","开发","运营","高管","渠道"],
    "menuName":"API调用记录",
    "value":"/mammoth/configManage/apiRecord"
  },{
    "type":["超级管理员","开发","运营","高管","渠道"],
    "menuName":"数据库转换配置",
    "value":"/mammoth/configManage/dataTransfor"
  },{
    "type":["超级管理员","开发","运营","高管","渠道"],
    "menuName":"系统日志",
    "value":"/mammoth/configManage/systemLog"
  },{
    "type":["超级管理员","开发","运营","高管","渠道"],
    "menuName":"用户管理",
    "value":"/mammoth/configManage/userManage"
  }]
}]














































