{
  "actor":{
    "黄渤":{"renqi":"9.0","businessValue":"8.0","img":"http://pic.entgroup.cn/Person/d/2016323151958241.jpg"},
    "邓超":{"renqi":"9.0","businessValue":"8.0","img":"http://pic.entgroup.cn/Person/d/201632211382792.jpg"},
    "陈坤":{"renqi":"9.0","businessValue":"8.0","img":"http://pic.entgroup.cn/Person/d/2016323111213394.jpg"},
    "曾志伟":{"renqi":"9.0","businessValue":"8.0","img":"http://pic.entgroup.cn/Person/d/201572814285992.jpg"},
    "罗志祥":{"renqi":"9.0","businessValue":"8.0","img":"http://pic.entgroup.cn/Person/d/2016322114054557.jpg"},
    "白百何":{"renqi":"9.0","businessValue":"8.0","img":"http://pic.entgroup.cn/Person/d/2015728173146103.jpg"},
    "舒淇":{"renqi":"9.0","businessValue":"8.0","img":"http://pic.entgroup.cn/Person/d/201642810210685.jpg"},
    "杨颖":{"renqi":"9.0","businessValue":"8.0","img":"http://pic.entgroup.cn/Person/d/2016322191837561.jpg"},
    "杨子珊":{"renqi":"9.0","businessValue":"8.0","img":"https://ss2.baidu.com/6ONYsjip0QIZ8tyhnq/it/u=739420316,604058459&fm=58"},
    "郭采洁":{"renqi":"9.0","businessValue":"8.0","img":"http://pic.entgroup.cn/Person/d/2016322183246206.jpg"},
    "胡歌":{"renqi":"9.0","businessValue":"8.0","img":"http://pic.entgroup.cn/Person/d/201647143014217.jpg"},
    "赵又廷":{"renqi":"9.0","businessValue":"8.0","img":"https://ss1.baidu.com/6ONXsjip0QIZ8tyhnq/it/u=1534994341,739761777&fm=58"},
    "郑恺":{"renqi":"9.0","businessValue":"8.0","img":"http://pic.entgroup.cn/Person/d/2016322184649705.jpg"},
    "徐峥":{"renqi":"9.0","businessValue":"8.0","img":"http://pic.entgroup.cn/Person/default/94.jpg"},
    "刘德华":{"renqi":"9.0","businessValue":"8.0","img":"http://pic.entgroup.cn/Person/d/201646145343353.jpg"},
    "成龙":{"renqi":"9.0","businessValue":"8.0","img":"https://ss1.baidu.com/6ONXsjip0QIZ8tyhnq/it/u=1795565110,2481147009&fm=58"},
    "冯绍峰":{"renqi":"9.0","businessValue":"8.0","img":"http://pic.entgroup.cn/Person/d/201645153643601.jpg"},
    "鹿晗":{"renqi":"9.0","businessValue":"8.0","img":"http://pic.entgroup.cn/Person/d/201552818814431.jpg"},
    "郭富城":{"renqi":"9.0","businessValue":"8.0","img":"http://pic.entgroup.cn/Person/d/201632311454995.jpg"},
    "吴彦祖":{"renqi":"9.0","businessValue":"8.0","img":"http://pic.entgroup.cn/Person/d/201646145758358.jpg"},
    "张涵予":{"renqi":"9.0","businessValue":"8.0","img":"http://pic.entgroup.cn/Person/d/2016325122132481.jpg"},
    "葛优":{"renqi":"9.0","businessValue":"8.0","img":"http://pic.entgroup.cn/Person/d/20096513459702.jpg"},
    "王凯":{"renqi":"9.0","businessValue":"8.0","img":"http://pic.entgroup.cn/Person/d/20164613519361.jpg"},
    "范冰冰":{"renqi":"9.0","businessValue":"8.0","img":"http://pic.entgroup.cn/Person/d/2016322114544372.jpg"},
    "孙红雷":{"renqi":"9.0","businessValue":"8.0","img":"http://pic.entgroup.cn/Person/d/2016323152729459.jpg"},
    "章子怡":{"renqi":"9.0","businessValue":"8.0","img":"http://pic.entgroup.cn/Person/d/201646152756826.jpg"},
    "李晨":{"renqi":"9.0","businessValue":"8.0","img":"http://pic.entgroup.cn/Person/d/201641155740841.jpg"},
    "吴亦凡":{"renqi":"9.0","businessValue":"8.0","img":"http://pic.entgroup.cn/Person/d/201512210363691.jpg"},
    "杨洋":{"renqi":"9.0","businessValue":"8.0","img":"http://pic.entgroup.cn/Person/d/20164610561430.jpg"},
    "李易峰":{"renqi":"9.0","businessValue":"8.0","img":"http://pic.entgroup.cn/Person/d/2016325121840933.jpg"},
    "井柏然":{"renqi":"9.0","businessValue":"8.0","img":"http://pic.entgroup.cn/Person/d/201646145151749.jpg"},
    "陈伟霆":{"renqi":"9.0","businessValue":"8.0","img":"http://pic.entgroup.cn/Person/d/2015122103957527.jpg"},
    "林更新":{"renqi":"9.0","businessValue":"8.0","img":"http://pic.entgroup.cn/Person/d/201632315463443.jpg"},
    "陈学冬":{"renqi":"9.0","businessValue":"8.0","img":"http://pic.entgroup.cn/Person/d/2016322181817449.jpg"},
    "黄轩":{"renqi":"9.0","businessValue":"8.0","img":"http://pic.entgroup.cn/Person/d/201647143635868.jpg"}
  },
  "director":{
    "徐峥":{"img":"http://pic.entgroup.cn/Person/default/94.jpg"},
    "乌尔善":{"img":"/profile_photos/wuershan.jpg"}
  },
  "screenwriter":{
    "陶昆":{"img":"/profile_photos/wuershan.jpg"}
  },
  "producer":{
    "包轩鸣":{"img":"/profile_photos/wuershan.jpg"}
  }
}





