{
  "history":[
    {"name":"寻龙诀","img":"/profile_photos/films/寻龙诀.jpg","time":"2015","上映日期":" 2015-12-18","档期":"贺岁档","上映天":"五","国别":"中国","影片制式":"2D+3D＋IMX3D+中国巨幕+全景声","时长（min）":"125","type":"奇幻/冒险/动作","导演":"乌尔善","编剧":"张家鲁/张牧野","摄影":"包轩鸣 Jack Pollack","剪辑":"杜媛 Yuan Du","美术":"郝艺 Yi Hao","演员名单":"陈坤/黄渤/舒淇/杨颖/夏雨/刘晓庆/颜卓灵/曹操/张东/黄西/僧格仁钦","A":"/","A－":"陈坤舒淇","B":"黄渤夏雨","C":"/","出品公司":"万达影视传媒有限公司 [中国]  ","联合出品":"华谊兄弟传媒股份有限公司 [中国]  ","发行公司":"五洲电影发行有限公司","联合发行":"华夏电影发行有限责任公司","boxOffice":"137336.26","年度场次":"835959","年度人次(万)":"3778.24","平均票价":"36","场均人次":"45","豆瓣":"7.7","时光":"7.5","猫眼":"9.2"},
    {"name":"心花路放","img":"http://www.cbooo.cn/moviepic/206162.jpg","time":"2014","上映日期":"2014-09-30","档期":"国庆档","上映天":"二","国别":"中国","影片制式":"2D+IMAX2D","时长（min）":"110","type":"喜剧/爱情","导演":"宁浩","编剧":"岳小军/邢爱娜/孙小杭/董润年/章笛沙/张艺凡","摄影":"宋晓飞","剪辑":"杜媛","美术":"郝艺","演员名单":"黄渤/徐峥/袁泉/周冬雨/陶慧/岳小军/沈腾/张俪/马苏/刘美含/王砚辉/焦俊艳/郭涛/李晨/熊乃瑾/夏雨/刘仪伟/雷佳音/雍梦婷/梁浩","A":"/","A－":"徐峥黄渤","B":"/","C":"袁泉","出品公司":"北京映月东方文化传播","联合出品":"/","发行公司":"中国电影股份有限公司北京聚合影联文化传媒","联合发行":"/","boxOffice":"117002.65","年度场次":"952982","年度人次(万)":"3399.57","平均票价":"34","场均人次":"36","豆瓣":"7","时光":"7.3","猫眼":"8.6"},
    {"name":"分手大师","img":"http://www.cbooo.cn/moviepic/206382.jpg","time":"2014","上映日期":"2014-06-27","档期":"暑期档","上映天":"五","国别":"中国","影片制式":"2D","时长（min）":"116","type":"喜剧/爱情","导演":"邓超/俞白眉","编剧":"俞白眉","摄影":"杜杰","演员名单":"邓超/杨幂/古力娜扎/栾元晖/秦越/许可嘉/梁超/赵曼竹/孙俪/柳岩/谢楠","A":"/","A－":"邓超杨幂","B":"/","C":"梁超","出品公司":"光线影业","联合出品":"/","发行公司":"光线影业","联合发行":"/","boxOffice":"66541.17","年度场次":"584887","年度人次(万)":"2001.22","平均票价":"33","场均人次":"34","豆瓣":"5.2","时光":"6","猫眼":"8.3"},
    {"name":"后会无期","img":"http://www.cbooo.cn/moviepic/208907.jpg","time":"2014","上映日期":"2014-07-24","档期":"暑期档","上映天":"四","国别":"中国","影片制式":"2D","时长（min）":"106","type":"爱情/剧情","导演":"韩寒","编剧":"韩寒","演员名单":"冯绍峰/陈柏霖/钟汉良/王珞丹/袁泉/陈乔恩/贾樟柯/白客/孔连顺/高华阳","A":"/","A－":"冯绍峰陈柏霖","B":"钟汉良","C":"王珞丹/","出品公司":"北京劳雷影业","联合出品":"博纳影业","发行公司":"华夏","宣传公司":"62882.05","boxOffice":"583974","年度场次":"1964.98","年度人次(万)":"32","平均票价":"34","场均人次":"7.2","豆瓣":"7.3","时光":"8.2"},
    {"name":"痞子英雄之全面开战","img":"http://www.cbooo.cn/moviepic/130248.jpg","time":"2012","上映日期":"2012-06-19","档期":"六月档","上映天":"二","国别":"中国台湾/中国","影片制式":"2D","时长（min）":"142","type":"动作/犯罪/喜剧","导演":"蔡岳勋","编剧":"陈慧如/蔡岳勋","摄影":"李屏宾","剪辑":"Hong Yi Zhou","演员名单":"黄渤/赵又廷/杨颖/关颖/戴立忍/高捷/杜德伟/藤冈靛/汤志伟/林_恒","A":"/","A－":"黄渤赵又廷","B":"/","C":"/","出品公司":"/","联合出品":"中国电影股份有限公司","发行公司":"中国电影股份有限公司","联合发行":"/","boxOffice":"8731.72","年度场次":"128993","年度人次(万)":"276.78","平均票价":"32","场均人次":"21","豆瓣":"6.5","时光":"6.9","猫眼":"7.9"},
    {"name":"杀生","img":"http://www.cbooo.cn/moviepic/135313.jpg","time":"2012","上映日期":"2012-04-28","档期":"五一档","上映天":"六","国别":"中国台湾/中国","影片制式":"2D","时长（min）":"111","type":"剧情/悬疑","导演":"管虎","编剧":"管虎","摄影":"宋晓飞","美术":"林木","演员名单":"黄渤/苏有朋/余男/任达华/马精武/梁静/王迅","A":"黄渤","A－":"/","B":"苏有朋余男","C":"/","出品公司":" 星美影业有限公司","联合出品":"/","发行公司":"/","联合发行":"  星美影业有限公司","boxOffice":"1913.16","年度场次":"43964","年度人次(万)":"57.96","平均票价":"33","场均人次":"13","豆瓣":"7.6","时光":"7.7","猫眼":"7.6"},
    {"name":"追爱大布局","img":"http://www.cbooo.cn/moviepic/203734.jpg","time":"2014","上映日期":"2014-04-15","档期":"四月档","上映天":"二","国别":"中国台湾","影片制式":"2D","时长（min）":"102","type":"喜剧/爱情","导演":"赖俊羽","编剧":"李佳颖/苏照彬","演员名单":"陈柏霖/陈意涵/郭书瑶/姜康哲/安唯绫/张少怀/潘慧如/瞿友宁/张本渝/王静莹/聂云/郑家纯/卢广仲","A":"陈柏霖陈意涵","A－":"/","B":"/","C":"/","出品公司":" 香港寰亚电影制作有限公司","联合出品":"/","发行公司":"中国电影股份有限公司","联合发行":"/","boxOffice":"566.31","年度场次":"45677","年度人次(万)":"19.25","平均票价":"29","场均人次":"4","豆瓣":"6","时光":"5.9","猫眼":"8.3"},
    {"name":"推拿","img":"http://www.cbooo.cn/moviepic/181823.jpg","time":"2014","上映日期":"2014-11-28","档期":"十二月档","上映天":"五","国别":"中国","影片制式":"2D","时长（min）":"114","type":"剧情","导演":"娄烨","编剧":"马英力/毕飞宇","摄影":"曾剑","剪辑":"孔劲蕾朱琳","美术":"杜艾霖","演员名单":"秦昊/郭晓冬/黄轩/张磊/梅婷/黄璐/王志华/黄军军/姜丹/穆怀鹏","A":"/","A－":"秦昊梅婷","B":"郭晓冬黄轩","C":"/","出品公司":" 陕西文化产业投资控股集团","联合出品":"/","发行公司":"  恒大影视发行有限公司","联合发行":"/","boxOffice":"1086.13","年度场次":"18653","年度人次(万)":"26.29","平均票价":"41","场均人次":"14","豆瓣":"7.7","时光":"7.8","猫眼":"8.4"},
    {"name":"等一个人咖啡","img":"http://www.cbooo.cn/moviepic/212030.jpg","time":"2014","上映日期":"2014-10-17","档期":"十月档","上映天":"五","国别":"中国台湾","影片制式":"2D","时长（min）":"119","type":"喜剧/爱情","导演":"江金霖","编剧":"九把刀","摄影":"杨丰铭","剪辑":"李栋全 Wenbers Li Tung-Chuen - 剪辑指导林雍益 Yong-yi Lin - 剪接师","美术":"唐嘉宏","演员名单":"宋芸桦/布鲁斯/赖雅妍/蓝心湄/李罗/张立昂/周慧敏/洪言翔","A":"宋芸桦布鲁斯 ","A－":"/","B":"/","C":"/","出品公司":" 安迈进国际影业股份有限公司","联合出品":"/","发行公司":"中国电影股份有限公司","联合发行":"/","boxOffice":"1067.86","年度场次":"55744","年度人次(万)":"34.51","平均票价":"31","场均人次":"6","豆瓣":"6","时光":"6.1","猫眼":"7.7"},
    {"name":"男人不可以穷","img":"http://www.cbooo.cn/moviepic/209499.jpg","time":"2014","上映日期":"2014-12-24","档期":"贺岁档","上映天":"三","国别":"中国香港/中国","影片制式":"2D","时长（min）":"104","type":"剧情/喜剧","导演":"钟澍佳","编剧":"郭建乐","摄影":"李栋全 Wenbers Li Tung-Chuen","演员名单":"黄宗泽/陈伟霆/谢天华/金刚/邓丽欣/赵荣/陈嘉桓/洪天明/廖启智/龚慈恩/卢宛茵/关宝慧/许绍雄/郑诗君/陆永/周定宇/徐伟栋/吴浩康/邱晔","A":"黄宗泽陈伟霆","A－":"/","B":"/","C":"/","出品公司":"/","联合出品":"/","发行公司":"凯羿影视","联合发行":"/","boxOffice":"1058.28","年度场次":"38945","年度人次(万)":"31.92","平均票价":"33","场均人次":"8","豆瓣":"6","时光":"5.7","猫眼":"8.1"},
    {"name":"青蛙王国","img":"http://www.cbooo.cn/moviepic/203726.jpg","time":"2013","上映日期":"2013-12-28","档期":"贺岁档","上映天":"六","国别":"中国","影片制式":"2D+3D","时长（min）":"88","type":"动画","导演":"尼尔森·申","编剧":"郑立国/彭飞","演员名单":"/","A":"/","A－":"/","B":"/","C":"/","出品公司":" 吉林禹硕动漫游戏科技股份有限公司","联合出品":" 吉林动画学院","发行公司":"万达影视","联合发行":"/","boxOffice":"1049.08","年度场次":"26802","年度人次(万)":"32.58","平均票价":"32","场均人次":"12","豆瓣":"6.7","时光":"6.8","猫眼":"7.9"},
    {"name":"不再说分手","img":"http://www.cbooo.cn/moviepic/209127.jpg","time":"2014","上映日期":"2014-08-01","档期":"暑期档","上映天":"五","国别":"中国香港/中国","影片制式":"2D","时长（min）":"105","type":"爱情","导演":"郑丹瑞","编剧":"郑丹瑞/侯颖桁/郑善瑜","演员名单":"郑伊健/周秀娜/王菀之/梁钊峰/吴崇铭/陈健安/何建曦/温心/何浩鹏/杨千_/葛民辉/钱嘉乐/汤盈盈/林海峰/刘仪伟","A":"郑伊健","A－":"/","B":" 周秀娜","C":"/","出品公司":"/","联合出品":"/","发行公司":"华夏电影发行有限责任公司","联合发行":"/","boxOffice":"1027.96","年度场次":"37788","年度人次(万)":"32.56","平均票价":"32","场均人次":"9","豆瓣":"5.7","时光":"6.1","猫眼":"7.7"}
  ],
  "living":[
    {"name":"大轰炸","img":"http://www.cbooo.cn/moviepic/142177.jpg","time":"2015","上映日期":" 2015-12-18","档期":"贺岁档","上映天":"五","国别":"中国","影片制式":"2D+3D＋IMX3D+中国巨幕+全景声","时长（min）":"125","type":"奇幻/冒险/动作","导演":"乌尔善","编剧":"张家鲁/张牧野","摄影":"包轩鸣 Jack Pollack","剪辑":"杜媛 Yuan Du","美术":"郝艺 Yi Hao","演员名单":"陈坤/黄渤/舒淇/杨颖/夏雨/刘晓庆/颜卓灵/曹操/张东/黄西/僧格仁钦","A":"/","A－":"陈坤舒淇","B":"黄渤夏雨","C":"/","出品公司":"万达影视传媒有限公司 [中国]  ","联合出品":"华谊兄弟传媒股份有限公司 [中国]  ","发行公司":"五洲电影发行有限公司","联合发行":"华夏电影发行有限责任公司","boxOffice":"38200","年度场次":"835959","年度人次(万)":"3778.24","平均票价":"36","场均人次":"45","豆瓣":"7.7","时光":"7.5","猫眼":"9.2"},
    {"name":"斗龙战士之星印罗盘","img":"http://www.cbooo.cn/moviepic/234408.jpg","time":"2014","上映日期":"2014-09-30","档期":"国庆档","上映天":"二","国别":"中国","影片制式":"2D+IMAX2D","时长（min）":"110","type":"喜剧/爱情","导演":"宁浩","编剧":"岳小军/邢爱娜/孙小杭/董润年/章笛沙/张艺凡","摄影":"宋晓飞","剪辑":"杜媛","美术":"郝艺","演员名单":"黄渤/徐峥/袁泉/周冬雨/陶慧/岳小军/沈腾/张俪/马苏/刘美含/王砚辉/焦俊艳/郭涛/李晨/熊乃瑾/夏雨/刘仪伟/雷佳音/雍梦婷/梁浩","A":"/","A－":"徐峥黄渤","B":"/","C":"袁泉","出品公司":"北京映月东方文化传播","联合出品":"/","发行公司":"中国电影股份有限公司北京聚合影联文化传媒","联合发行":"/","boxOffice":"11500","年度场次":"952982","年度人次(万)":"3399.57","平均票价":"34","场均人次":"36","豆瓣":"7","时光":"7.3","猫眼":"8.6"},
    {"name":"水果宝贝之水果总动员","img":"http://www.cbooo.cn/moviepic/232686.jpg","time":"2014","上映日期":"2014-06-27","档期":"暑期档","上映天":"五","国别":"中国","影片制式":"2D","时长（min）":"116","type":"喜剧/爱情","导演":"邓超/俞白眉","编剧":"俞白眉","摄影":"杜杰","演员名单":"邓超/杨幂/古力娜扎/栾元晖/秦越/许可嘉/梁超/赵曼竹/孙俪/柳岩/谢楠","A":"/","A－":"邓超杨幂","B":"/","C":"梁超","出品公司":"光线影业","联合出品":"/","发行公司":"光线影业","联合发行":"/","boxOffice":"66541.17","年度场次":"584887","年度人次(万)":"2001.22","平均票价":"33","场均人次":"34","豆瓣":"5.2","时光":"6","猫眼":"8.3"},
    {"name":"动植物大战","img":"http://www.cbooo.cn/moviepic/644395.jpg","time":"2014","上映日期":"2014-07-24","档期":"暑期档","上映天":"四","国别":"中国","影片制式":"2D","时长（min）":"106","type":"爱情/剧情","导演":"韩寒","编剧":"韩寒","演员名单":"冯绍峰/陈柏霖/钟汉良/王珞丹/袁泉/陈乔恩/贾樟柯/白客/孔连顺/高华阳","A":"/","A－":"冯绍峰陈柏霖","B":"钟汉良","C":"王珞丹/","出品公司":"北京劳雷影业","联合出品":"博纳影业","发行公司":"华夏","宣传公司":"62882.05","boxOffice":"83974","年度场次":"1964.98","年度人次(万)":"32","平均票价":"34","场均人次":"7.2","豆瓣":"7.3","时光":"8.2"},
    {"name":"糖果世界大冒险","img":"http://www.cbooo.cn/moviepic/225553.jpg","time":"2012","上映日期":"2012-06-19","档期":"六月档","上映天":"二","国别":"中国台湾/中国","影片制式":"2D","时长（min）":"142","type":"动作/犯罪/喜剧","导演":"蔡岳勋","编剧":"陈慧如/蔡岳勋","摄影":"李屏宾","剪辑":"Hong Yi Zhou","演员名单":"黄渤/赵又廷/杨颖/关颖/戴立忍/高捷/杜德伟/藤冈靛/汤志伟/林_恒","A":"/","A－":"黄渤赵又廷","B":"/","C":"/","出品公司":"/","联合出品":"中国电影股份有限公司","发行公司":"中国电影股份有限公司","联合发行":"/","boxOffice":"8731.72","年度场次":"128993","年度人次(万)":"276.78","平均票价":"32","场均人次":"21","豆瓣":"6.5","时光":"6.9","猫眼":"7.9"},
    {"name":"蜜月酒店杀人事件","img":"http://www.cbooo.cn/moviepic/209698.jpg","time":"2012","上映日期":"2012-04-28","档期":"五一档","上映天":"六","国别":"中国台湾/中国","影片制式":"2D","时长（min）":"111","type":"剧情/悬疑","导演":"管虎","编剧":"管虎","摄影":"宋晓飞","美术":"林木","演员名单":"黄渤/苏有朋/余男/任达华/马精武/梁静/王迅","A":"黄渤","A－":"/","B":"苏有朋余男","C":"/","出品公司":" 星美影业有限公司","联合出品":"/","发行公司":"/","联合发行":"  星美影业有限公司","boxOffice":"1913.16","年度场次":"43964","年度人次(万)":"57.96","平均票价":"33","场均人次":"13","豆瓣":"7.6","时光":"7.7","猫眼":"7.6"},
    {"name":"妖医","img":"http://www.cbooo.cn/moviepic/212437.jpg","time":"2014","上映日期":"2014-04-15","档期":"四月档","上映天":"二","国别":"中国台湾","影片制式":"2D","时长（min）":"102","type":"喜剧/爱情","导演":"赖俊羽","编剧":"李佳颖/苏照彬","演员名单":"陈柏霖/陈意涵/郭书瑶/姜康哲/安唯绫/张少怀/潘慧如/瞿友宁/张本渝/王静莹/聂云/郑家纯/卢广仲","A":"陈柏霖陈意涵","A－":"/","B":"/","C":"/","出品公司":" 香港寰亚电影制作有限公司","联合出品":"/","发行公司":"中国电影股份有限公司","联合发行":"/","boxOffice":"566.31","年度场次":"45677","年度人次(万)":"19.25","平均票价":"29","场均人次":"4","豆瓣":"6","时光":"5.9","猫眼":"8.3"},
    {"name":"爱丽丝梦游仙境2：镜中奇遇记","img":"http://www.cbooo.cn/moviepic/207862.jpg","time":"2014","上映日期":"2014-11-28","档期":"十二月档","上映天":"五","国别":"中国","影片制式":"2D","时长（min）":"114","type":"剧情","导演":"娄烨","编剧":"马英力/毕飞宇","摄影":"曾剑","剪辑":"孔劲蕾朱琳","美术":"杜艾霖","演员名单":"秦昊/郭晓冬/黄轩/张磊/梅婷/黄璐/王志华/黄军军/姜丹/穆怀鹏","A":"/","A－":"秦昊梅婷","B":"郭晓冬黄轩","C":"/","出品公司":" 陕西文化产业投资控股集团","联合出品":"/","发行公司":"  恒大影视发行有限公司","联合发行":"/","boxOffice":"20900","年度场次":"18653","年度人次(万)":"26.29","平均票价":"41","场均人次":"14","豆瓣":"7.7","时光":"7.8","猫眼":"8.4"}
  ],
  "upcoming":[
    {"name":"X战警：天启","img":"http://www.cbooo.cn/moviepic/208116.jpg","time":"2015","上映日期":" 2015-12-18","档期":"贺岁档","上映天":"五","国别":"中国","影片制式":"2D+3D＋IMX3D+中国巨幕+全景声","时长（min）":"125","type":"奇幻/冒险/动作","导演":"乌尔善","编剧":"张家鲁/张牧野","摄影":"包轩鸣 Jack Pollack","剪辑":"杜媛 Yuan Du","美术":"郝艺 Yi Hao","演员名单":"陈坤/黄渤/舒淇/杨颖/夏雨/刘晓庆/颜卓灵/曹操/张东/黄西/僧格仁钦","A":"/","A－":"陈坤舒淇","B":"黄渤夏雨","C":"/","出品公司":"万达影视传媒有限公司 [中国]  ","联合出品":"华谊兄弟传媒股份有限公司 [中国]  ","发行公司":"五洲电影发行有限公司","联合发行":"华夏电影发行有限责任公司","boxOffice":"237336","年度场次":"835959","年度人次(万)":"3778.24","平均票价":"36","场均人次":"45","豆瓣":"7.7","时光":"7.5","猫眼":"9.2"},
    {"name":"记忆碎片","img":"http://www.cbooo.cn/moviepic/203264.jpg","time":"2014","上映日期":"2014-09-30","档期":"国庆档","上映天":"二","国别":"中国","影片制式":"2D+IMAX2D","时长（min）":"110","type":"喜剧/爱情","导演":"宁浩","编剧":"岳小军/邢爱娜/孙小杭/董润年/章笛沙/张艺凡","摄影":"宋晓飞","剪辑":"杜媛","美术":"郝艺","演员名单":"黄渤/徐峥/袁泉/周冬雨/陶慧/岳小军/沈腾/张俪/马苏/刘美含/王砚辉/焦俊艳/郭涛/李晨/熊乃瑾/夏雨/刘仪伟/雷佳音/雍梦婷/梁浩","A":"/","A－":"徐峥黄渤","B":"/","C":"袁泉","出品公司":"北京映月东方文化传播","联合出品":"/","发行公司":"中国电影股份有限公司北京聚合影联文化传媒","联合发行":"/","boxOffice":"28316","年度场次":"952982","年度人次(万)":"3399.57","平均票价":"34","场均人次":"36","豆瓣":"7","时光":"7.3","猫眼":"8.6"},
    {"name":"提款机","img":"http://www.cbooo.cn/moviepic/233826.jpg","time":"2014","上映日期":"2014-06-27","档期":"暑期档","上映天":"五","国别":"中国","影片制式":"2D","时长（min）":"116","type":"喜剧/爱情","导演":"邓超/俞白眉","编剧":"俞白眉","摄影":"杜杰","演员名单":"邓超/杨幂/古力娜扎/栾元晖/秦越/许可嘉/梁超/赵曼竹/孙俪/柳岩/谢楠","A":"/","A－":"邓超杨幂","B":"/","C":"梁超","出品公司":"光线影业","联合出品":"/","发行公司":"光线影业","联合发行":"/","boxOffice":"26541","年度场次":"584887","年度人次(万)":"2001.22","平均票价":"33","场均人次":"34","豆瓣":"5.2","时光":"6","猫眼":"8.3"},
    {"name":"死亡游戏","img":"http://www.cbooo.cn/moviepic/232869.jpg","time":"2014","上映日期":"2014-07-24","档期":"暑期档","上映天":"四","国别":"中国","影片制式":"2D","时长（min）":"106","type":"爱情/剧情","导演":"韩寒","编剧":"韩寒","演员名单":"冯绍峰/陈柏霖/钟汉良/王珞丹/袁泉/陈乔恩/贾樟柯/白客/孔连顺/高华阳","A":"/","A－":"冯绍峰陈柏霖","B":"钟汉良","C":"王珞丹/","出品公司":"北京劳雷影业","联合出品":"博纳影业","发行公司":"华夏","宣传公司":"62882.05","boxOffice":"12882","年度场次":"1964.98","年度人次(万)":"32","平均票价":"34","场均人次":"7.2","豆瓣":"7.3","时光":"8.2"},
    {"name":"魔兽","img":"http://www.cbooo.cn/moviepic/89952.jpg","time":"2012","上映日期":"2012-06-19","档期":"六月档","上映天":"二","国别":"中国台湾/中国","影片制式":"2D","时长（min）":"142","type":"动作/犯罪/喜剧","导演":"蔡岳勋","编剧":"陈慧如/蔡岳勋","摄影":"李屏宾","剪辑":"Hong Yi Zhou","演员名单":"黄渤/赵又廷/杨颖/关颖/戴立忍/高捷/杜德伟/藤冈靛/汤志伟/林_恒","A":"/","A－":"黄渤赵又廷","B":"/","C":"/","出品公司":"/","联合出品":"中国电影股份有限公司","发行公司":"中国电影股份有限公司","联合发行":"/","boxOffice":"263921","年度场次":"128993","年度人次(万)":"276.78","平均票价":"32","场均人次":"21","豆瓣":"6.5","时光":"6.9","猫眼":"7.9"},
    {"name":"热血雷锋侠之激情营救","img":"http://www.cbooo.cn/moviepic/232788.jpg","time":"2012","上映日期":"2012-04-28","档期":"五一档","上映天":"六","国别":"中国台湾/中国","影片制式":"2D","时长（min）":"111","type":"剧情/悬疑","导演":"管虎","编剧":"管虎","摄影":"宋晓飞","美术":"林木","演员名单":"黄渤/苏有朋/余男/任达华/马精武/梁静/王迅","A":"黄渤","A－":"/","B":"苏有朋余男","C":"/","出品公司":" 星美影业有限公司","联合出品":"/","发行公司":"/","联合发行":"  星美影业有限公司","boxOffice":"13974","年度场次":"43964","年度人次(万)":"57.96","平均票价":"33","场均人次":"13","豆瓣":"7.6","时光":"7.7","猫眼":"7.6"},
    {"name":"泰迪熊之玩具大战","img":"http://www.cbooo.cn/moviepic/233821.jpg","time":"2014","上映日期":"2014-04-15","档期":"四月档","上映天":"二","国别":"中国台湾","影片制式":"2D","时长（min）":"102","type":"喜剧/爱情","导演":"赖俊羽","编剧":"李佳颖/苏照彬","演员名单":"陈柏霖/陈意涵/郭书瑶/姜康哲/安唯绫/张少怀/潘慧如/瞿友宁/张本渝/王静莹/聂云/郑家纯/卢广仲","A":"陈柏霖陈意涵","A－":"/","B":"/","C":"/","出品公司":" 香港寰亚电影制作有限公司","联合出品":"/","发行公司":"中国电影股份有限公司","联合发行":"/","boxOffice":"20021","年度场次":"45677","年度人次(万)":"19.25","平均票价":"29","场均人次":"4","豆瓣":"6","时光":"5.9","猫眼":"8.3"},
    {"name":"记忆大师","img":"http://www.cbooo.cn/moviepic/233371.jpg","time":"2014","上映日期":"2014-11-28","档期":"十二月档","上映天":"五","国别":"中国","影片制式":"2D","时长（min）":"114","type":"剧情","导演":"娄烨","编剧":"马英力/毕飞宇","摄影":"曾剑","剪辑":"孔劲蕾朱琳","美术":"杜艾霖","演员名单":"秦昊/郭晓冬/黄轩/张磊/梅婷/黄璐/王志华/黄军军/姜丹/穆怀鹏","A":"/","A－":"秦昊梅婷","B":"郭晓冬黄轩","C":"/","出品公司":" 陕西文化产业投资控股集团","联合出品":"/","发行公司":"  恒大影视发行有限公司","联合发行":"/","boxOffice":"82100","年度场次":"18653","年度人次(万)":"26.29","平均票价":"41","场均人次":"14","豆瓣":"7.7","时光":"7.8","猫眼":"8.4"}
  ]
}
